Workbook

Sheet Assumptions
A1: CmartBridge Rwanda — Pricing assumptions
A3: KRW to RWF rate | B3: 1.05 | C3: Refresh every Monday — BNR reference rate (bnr.rw). USER ESTIMATE.
A4: Commission on product price | B4: 0.3 | C4: Locked business decision: 30% on product price only.
A5: FX & loss buffer | B5: 0.05 | C5: Covers KRW/RWF swings + lost/damaged reships. On product+shipping.
A6: VAT rate (Rwanda) | B6: 0.18 | C6: Standard VAT — verify treatment with RRA.
A7: Shipping RWF per gram | B7: 11 | C7: Consolidated Korea Post EMS allocation — VERIFY current EMS rates to Rwanda, then update.
A8: Minimum shipping per item (RWF) | B8: 600 | C8: Floor for very light items (photocards, stickers).
A9: Round door price up to nearest (RWF) | B9: 500 | C9: Customer-facing prices only.
A11: Import duty by category (EAC Common External Tariff) | C11: PLACEHOLDERS — verify each rate with RRA before quoting customers.
A12: K-Beauty & Skincare | B12: 0.25
A13: Phone Accessories | B13: 0.1
A14: Fashion Accessories | B14: 0.25
A15: K-pop Merch | B15: 0.25
A16: Stationery | B16: 0.25
A19: Legend
A20: Yellow cells with blue text = inputs you edit. Everything else is calculated.
A21: Door price = product + 30% commission + shipping + duty + VAT + buffer, rounded UP.
A22: Shipping, duty and VAT are passed through AT COST — quoted as one all-in door price.

Sheet Pricing
A1: Item | B1: Category | C1: Korea price (KRW) | D1: Weight (g) | E1: Product (RWF) | F1: Shipping (RWF) | G1: Duty rate | H1: Duty (RWF) | I1: VAT (RWF) | J1: Commission (RWF) | K1: Buffer (RWF) | L1: DOOR PRICE (RWF) | M1: Kigali market price (RWF) | N1: AliExpress landed (RWF) | O1: Price check
A2: COSRX Advanced Snail 96 Mucin Essence 100ml | B2: K-Beauty & Skincare | C2: 12900 | D2: 180 | E2: =C2*Assumptions!$B$3 -> 13545 | F2: =MAX(D2*Assumptions!$B$7,Assumptions!$B$8) -> 1980 | G2: =INDEX(Assumptions!$B$12:$B$16,MATCH(B2,Assumptions!$A$12:$A$16,0)) -> 0.25 | H2: =(E2+F2)*G2 -> 3881.25 | I2: =(E2+F2+H2)*Assumptions!$B$6 -> 3493.125 | J2: =E2*Assumptions!$B$4 -> 4063.5 | K2: =(E2+F2)*Assumptions!$B$5 -> 776.25 | L2: =CEILING(E2+F2+H2+I2+J2+K2,Assumptions!$B$9) -> 28000 | M2: 32000 | N2: 30000 | O2: =IF(M2="","fill market price",IF(L2<=M2*1.1,"OK","TOO HIGH")) -> OK
A3: Beauty of Joseon Relief Sun SPF50+ 50ml | B3: K-Beauty & Skincare | C3: 11000 | D3: 90 | E3: =C3*Assumptions!$B$3 -> 11550 | F3: =MAX(D3*Assumptions!$B$7,Assumptions!$B$8) -> 990 | G3: =INDEX(Assumptions!$B$12:$B$16,MATCH(B3,Assumptions!$A$12:$A$16,0)) -> 0.25 | H3: =(E3+F3)*G3 -> 3135 | I3: =(E3+F3+H3)*Assumptions!$B$6 -> 2821.5 | J3: =E3*Assumptions!$B$4 -> 3465 | K3: =(E3+F3)*Assumptions!$B$5 -> 627 | L3: =CEILING(E3+F3+H3+I3+J3+K3,Assumptions!$B$9) -> 23000 | O3: =IF(M3="","fill market price",IF(L3<=M3*1.1,"OK","TOO HIGH")) -> fill market price
A4: Anua Heartleaf 77% Soothing Toner 250ml | B4: K-Beauty & Skincare | C4: 18000 | D4: 330 | E4: =C4*Assumptions!$B$3 -> 18900 | F4: =MAX(D4*Assumptions!$B$7,Assumptions!$B$8) -> 3630 | G4: =INDEX(Assumptions!$B$12:$B$16,MATCH(B4,Assumptions!$A$12:$A$16,0)) -> 0.25 | H4: =(E4+F4)*G4 -> 5632.5 | I4: =(E4+F4+H4)*Assumptions!$B$6 -> 5069.25 | J4: =E4*Assumptions!$B$4 -> 5670 | K4: =(E4+F4)*Assumptions!$B$5 -> 1126.5 | L4: =CEILING(E4+F4+H4+I4+J4+K4,Assumptions!$B$9) -> 40500 | O4: =IF(M4="","fill market price",IF(L4<=M4*1.1,"OK","TOO HIGH")) -> fill market price
A5: Mediheal Sheet Masks (10-pack) | B5: K-Beauty & Skincare | C5: 8900 | D5: 350 | E5: =C5*Assumptions!$B$3 -> 9345 | F5: =MAX(D5*Assumptions!$B$7,Assumptions!$B$8) -> 3850 | G5: =INDEX(Assumptions!$B$12:$B$16,MATCH(B5,Assumptions!$A$12:$A$16,0)) -> 0.25 | H5: =(E5+F5)*G5 -> 3298.75 | I5: =(E5+F5+H5)*Assumptions!$B$6 -> 2968.875 | J5: =E5*Assumptions!$B$4 -> 2803.5 | K5: =(E5+F5)*Assumptions!$B$5 -> 659.75 | L5: =CEILING(E5+F5+H5+I5+J5+K5,Assumptions!$B$9) -> 23000 | O5: =IF(M5="","fill market price",IF(L5<=M5*1.1,"OK","TOO HIGH")) -> fill market price
A6: Laneige Lip Sleeping Mask 20g | B6: K-Beauty & Skincare | C6: 17000 | D6: 60 | E6: =C6*Assumptions!$B$3 -> 17850 | F6: =MAX(D6*Assumptions!$B$7,Assumptions!$B$8) -> 660 | G6: =INDEX(Assumptions!$B$12:$B$16,MATCH(B6,Assumptions!$A$12:$A$16,0)) -> 0.25 | H6: =(E6+F6)*G6 -> 4627.5 | I6: =(E6+F6+H6)*Assumptions!$B$6 -> 4164.75 | J6: =E6*Assumptions!$B$4 -> 5355 | K6: =(E6+F6)*Assumptions!$B$5 -> 925.5 | L6: =CEILING(E6+F6+H6+I6+J6+K6,Assumptions!$B$9) -> 34000 | O6: =IF(M6="","fill market price",IF(L6<=M6*1.1,"OK","TOO HIGH")) -> fill market price
A7: Etude Drawing Eye Brow Pencil | B7: K-Beauty & Skincare | C7: 4000 | D7: 20 | E7: =C7*Assumptions!$B$3 -> 4200 | F7: =MAX(D7*Assumptions!$B$7,Assumptions!$B$8) -> 600 | G7: =INDEX(Assumptions!$B$12:$B$16,MATCH(B7,Assumptions!$A$12:$A$16,0)) -> 0.25 | H7: =(E7+F7)*G7 -> 1200 | I7: =(E7+F7+H7)*Assumptions!$B$6 -> 1080 | J7: =E7*Assumptions!$B$4 -> 1260 | K7: =(E7+F7)*Assumptions!$B$5 -> 240 | L7: =CEILING(E7+F7+H7+I7+J7+K7,Assumptions!$B$9) -> 9000 | O7: =IF(M7="","fill market price",IF(L7<=M7*1.1,"OK","TOO HIGH")) -> fill market price
A8: Clear shockproof phone case (iPhone/Samsung) | B8: Phone Accessories | C8: 6000 | D8: 60 | E8: =C8*Assumptions!$B$3 -> 6300 | F8: =MAX(D8*Assumptions!$B$7,Assumptions!$B$8) -> 660 | G8: =INDEX(Assumptions!$B$12:$B$16,MATCH(B8,Assumptions!$A$12:$A$16,0)) -> 0.1 | H8: =(E8+F8)*G8 -> 696 | I8: =(E8+F8+H8)*Assumptions!$B$6 -> 1378.08 | J8: =E8*Assumptions!$B$4 -> 1890 | K8: =(E8+F8)*Assumptions!$B$5 -> 348 | L8: =CEILING(E8+F8+H8+I8+J8+K8,Assumptions!$B$9) -> 11500 | O8: =IF(M8="","fill market price",IF(L8<=M8*1.1,"OK","TOO HIGH")) -> fill market price
A9: Tempered glass screen protector (2-pack) | B9: Phone Accessories | C9: 5000 | D9: 80 | E9: =C9*Assumptions!$B$3 -> 5250 | F9: =MAX(D9*Assumptions!$B$7,Assumptions!$B$8) -> 880 | G9: =INDEX(Assumptions!$B$12:$B$16,MATCH(B9,Assumptions!$A$12:$A$16,0)) -> 0.1 | H9: =(E9+F9)*G9 -> 613 | I9: =(E9+F9+H9)*Assumptions!$B$6 -> 1213.74 | J9: =E9*Assumptions!$B$4 -> 1575 | K9: =(E9+F9)*Assumptions!$B$5 -> 306.5 | L9: =CEILING(E9+F9+H9+I9+J9+K9,Assumptions!$B$9) -> 10000 | O9: =IF(M9="","fill market price",IF(L9<=M9*1.1,"OK","TOO HIGH")) -> fill market price
A10: Fast-charge USB-C cable 1m (Samsung-grade) | B10: Phone Accessories | C10: 7000 | D10: 60 | E10: =C10*Assumptions!$B$3 -> 7350 | F10: =MAX(D10*Assumptions!$B$7,Assumptions!$B$8) -> 660 | G10: =INDEX(Assumptions!$B$12:$B$16,MATCH(B10,Assumptions!$A$12:$A$16,0)) -> 0.1 | H10: =(E10+F10)*G10 -> 801 | I10: =(E10+F10+H10)*Assumptions!$B$6 -> 1585.98 | J10: =E10*Assumptions!$B$4 -> 2205 | K10: =(E10+F10)*Assumptions!$B$5 -> 400.5 | L10: =CEILING(E10+F10+H10+I10+J10+K10,Assumptions!$B$9) -> 13500 | O10: =IF(M10="","fill market price",IF(L10<=M10*1.1,"OK","TOO HIGH")) -> fill market price
A11: 25W USB-C wall charger (genuine, no battery) | B11: Phone Accessories | C11: 15000 | D11: 100 | E11: =C11*Assumptions!$B$3 -> 15750 | F11: =MAX(D11*Assumptions!$B$7,Assumptions!$B$8) -> 1100 | G11: =INDEX(Assumptions!$B$12:$B$16,MATCH(B11,Assumptions!$A$12:$A$16,0)) -> 0.1 | H11: =(E11+F11)*G11 -> 1685 | I11: =(E11+F11+H11)*Assumptions!$B$6 -> 3336.3 | J11: =E11*Assumptions!$B$4 -> 4725 | K11: =(E11+F11)*Assumptions!$B$5 -> 842.5 | L11: =CEILING(E11+F11+H11+I11+J11+K11,Assumptions!$B$9) -> 27500 | O11: =IF(M11="","fill market price",IF(L11<=M11*1.1,"OK","TOO HIGH")) -> fill market price
A12: Korean minimalist earrings set (3 pairs) | B12: Fashion Accessories | C12: 8000 | D12: 30 | E12: =C12*Assumptions!$B$3 -> 8400 | F12: =MAX(D12*Assumptions!$B$7,Assumptions!$B$8) -> 600 | G12: =INDEX(Assumptions!$B$12:$B$16,MATCH(B12,Assumptions!$A$12:$A$16,0)) -> 0.25 | H12: =(E12+F12)*G12 -> 2250 | I12: =(E12+F12+H12)*Assumptions!$B$6 -> 2025 | J12: =E12*Assumptions!$B$4 -> 2520 | K12: =(E12+F12)*Assumptions!$B$5 -> 450 | L12: =CEILING(E12+F12+H12+I12+J12+K12,Assumptions!$B$9) -> 16500 | O12: =IF(M12="","fill market price",IF(L12<=M12*1.1,"OK","TOO HIGH")) -> fill market price
A13: Hair claw clips, Seoul style (set of 4) | B13: Fashion Accessories | C13: 6000 | D13: 90 | E13: =C13*Assumptions!$B$3 -> 6300 | F13: =MAX(D13*Assumptions!$B$7,Assumptions!$B$8) -> 990 | G13: =INDEX(Assumptions!$B$12:$B$16,MATCH(B13,Assumptions!$A$12:$A$16,0)) -> 0.25 | H13: =(E13+F13)*G13 -> 1822.5 | I13: =(E13+F13+H13)*Assumptions!$B$6 -> 1640.25 | J13: =E13*Assumptions!$B$4 -> 1890 | K13: =(E13+F13)*Assumptions!$B$5 -> 364.5 | L13: =CEILING(E13+F13+H13+I13+J13+K13,Assumptions!$B$9) -> 13500 | O13: =IF(M13="","fill market price",IF(L13<=M13*1.1,"OK","TOO HIGH")) -> fill market price
A14: Korean ankle socks (5-pack) | B14: Fashion Accessories | C14: 7500 | D14: 150 | E14: =C14*Assumptions!$B$3 -> 7875 | F14: =MAX(D14*Assumptions!$B$7,Assumptions!$B$8) -> 1650 | G14: =INDEX(Assumptions!$B$12:$B$16,MATCH(B14,Assumptions!$A$12:$A$16,0)) -> 0.25 | H14: =(E14+F14)*G14 -> 2381.25 | I14: =(E14+F14+H14)*Assumptions!$B$6 -> 2143.125 | J14: =E14*Assumptions!$B$4 -> 2362.5 | K14: =(E14+F14)*Assumptions!$B$5 -> 476.25 | L14: =CEILING(E14+F14+H14+I14+J14+K14,Assumptions!$B$9) -> 17000 | O14: =IF(M14="","fill market price",IF(L14<=M14*1.1,"OK","TOO HIGH")) -> fill market price
... A21: Hardcover journal, Korean design | B21: Stationery | C21: 9500 | D21: 280 | E21: =C21*Assumptions!$B$3 -> 9975 | F21: =MAX(D21*Assumptions!$B$7,Assumptions!$B$8) -> 3080 | G21: =INDEX(Assumptions!$B$12:$B$16,MATCH(B21,Assumptions!$A$12:$A$16,0)) -> 0.25 | H21: =(E21+F21)*G21 -> 3263.75 | I21: =(E21+F21+H21)*Assumptions!$B$6 -> 2937.375 | J21: =E21*Assumptions!$B$4 -> 2992.5 | K21: =(E21+F21)*Assumptions!$B$5 -> 652.75 | L21: =CEILING(E21+F21+H21+I21+J21+K21,Assumptions!$B$9) -> 23000 | O21: =IF(M21="","fill market price",IF(L21<=M21*1.1,"OK","TOO HIGH")) -> fill market price
A23: TOTAL (one of each) | E23: =SUM(E2:E21) -> 213990 | F23: =SUM(F2:F21) -> 32930 | H23: =SUM(H2:H21) -> 56037.5 | I23: =SUM(I2:I21) -> 54532.35 | J23: =SUM(J2:J21) -> 64197 | K23: =SUM(K2:K21) -> 12346 | L23: =SUM(L2:L21) -> 440000
A25: How to use: add a row per item (blue cells: item, category, KRW price, weight). Category must match the Assumptions duty table exactly.
A26: Columns E–L calculate automatically from the Assumptions sheet. Quote the customer the DOOR PRICE only; breakdown available on request.
A27: Pre-launch validation (90-day plan, weeks 3–4): fill yellow columns M–N per item; 'Price check' flags items >10% above Kigali market.
A28: Row 2 shows example validation values (M2, N2) — replace with real Kigali/AliExpress research.
A29: Korea prices are retail estimates from Coupang/Olive Young/Dongdaemun (Aug 2026) — re-check before quoting.
